title,review
Breaking Bad,"One of the greatest television shows ever made. Bryan Cranston's transformation from mild-mannered teacher to ruthless drug kingpin is a masterclass in acting. The writing, directing, and supporting cast are all exceptional."
Game of Thrones,"Despite a disappointing final season, Game of Thrones remains a landmark television achievement. The scope, production values, and performances set new standards for what TV could accomplish."
The Wire,"A profound examination of Baltimore's institutions and the people caught within them. Each season builds on the last to create a complete picture of urban America that remains relevant years later."
The Sopranos,"The show that ushered in the golden age of television. James Gandolfini's Tony Soprano is one of the most complex characters ever created, and the show's exploration of family, therapy, and the mafia is nuanced and compelling."
Mad Men,"A meticulously crafted period drama that uses advertising as a lens to examine American culture and identity. Jon Hamm's Don Draper is an iconic character whose journey anchors the series."
The Office (US),"A perfect workplace comedy that balances cringe humor with genuine heart. The ensemble cast is excellent, and the mockumentary format allows for both hilarious cold opens and emotional character moments."
Stranger Things,"A nostalgic love letter to 80s pop culture that stands on its own as compelling sci-fi horror. The young cast is exceptional, and the show balances supernatural elements with coming-of-age stories."
The Crown,"A sumptuous historical drama with outstanding performances and production values. The rotating cast keeps the portrayal of the royal family fresh as it moves through the decades."
Fleabag,"Phoebe Waller-Bridge created a perfect two-season show that is both hilarious and heartbreaking. Breaking the fourth wall has never been used so effectively, and the second season's love story is unforgettable."
Succession,"A darkly satirical look at wealth, power, and family dynamics within a media empire. The writing is sharp, the performances are outstanding, and the show manages to make deeply unlikable characters completely compelling."
Big Brother,"A mindless reality show that exploits contestants for drama. The contrived situations and manipulative editing create artificial conflicts that grow tiresome season after season."
The Walking Dead,"Started strong but became repetitive and predictable. The show follows the same formula with diminishing returns: find a safe place, meet new threat, battle, repeat."
13 Reasons Why,"A problematic and sensationalized portrayal of suicide and mental health issues. What started as an adaptation of a single book was stretched beyond its natural conclusion into unnecessary and increasingly absurd seasons."
Fuller House,"A nostalgia cash-grab that recycles plots and jokes from the original series without adding anything new or interesting. The absence of key original cast members highlights how dependent the show is on its past."
Emily in Paris,"A shallow and stereotypical portrayal of Paris and French culture. The protagonist is unlikable and unrealistically successful despite her poor decisions and cultural insensitivity."
Two and a Half Men,"Became increasingly reliant on crude humor and one-dimensional characters. The later seasons with Ashton Kutcher were particularly weak and demonstrated how the show had long outlived its relevance."
The Big Bang Theory,"Relies too heavily on stereotyping nerds and geek culture for easy laughs. The character development is minimal, and the jokes become repetitive over its lengthy run."
Keeping Up with the Kardashians,"A vapid celebration of wealth and fame for fame's sake. The manufactured drama and shallow conflicts make for unsatisfying television with little substance."
Grey's Anatomy,"Has continued long past its creative peak, recycling storylines and introducing new characters that fail to capture the magic of the original cast. The increasingly unrealistic medical scenarios strain credibility."
Iron Fist,"Widely considered the weakest of Netflix's Marvel shows. Poor fight choreography (in a show about a martial arts master), wooden acting, and pacing issues made this a disappointing adaptation."
Chernobyl,"A masterfully crafted miniseries that depicts the Soviet nuclear disaster with horrifying realism. The attention to historical detail, the atmospheric tension, and the focus on both the personal and systemic failures make this essential viewing."
When They See Us,"Ava DuVernay's powerful limited series about the Central Park Five is devastating and necessary. The performances from the young actors are extraordinary, and the show forces viewers to confront systemic racism in the criminal justice system."
Bojack Horseman,"An animated show that uses its absurdist premise to deliver one of the most honest portrayals of depression, addiction, and trauma on television. Funny and profound in equal measure."
Watchmen,"A bold and creative continuation of the graphic novel that tackles America's history of racial violence with intelligence and imagination. Regina King is outstanding in the lead role."
Mindhunter,"David Fincher's meticulously crafted series about the early days of FBI psychological profiling is tense, intelligent, and features some of the most chilling portrayals of serial killers ever filmed."
The Good Place,"A hilarious comedy with a surprising amount of depth. The show's exploration of moral philosophy and ethics is accessible and thought-provoking, and the ensemble cast has perfect chemistry."
Barry,"Bill Hader's dark comedy about a hitman who wants to become an actor balances humor and violence with surprising dexterity. The show continues to evolve in unexpected ways with each season."
Better Call Saul,"A prequel that matches or even exceeds its predecessor. Bob Odenkirk's performance as Jimmy McGill/Saul Goodman is nuanced and heartbreaking, and the show's deliberate pacing allows for rich character development."
Dark,"A complex German time-travel series that rewards patient viewers. The intricate plot spanning multiple timelines is challenging but satisfying, and the exploration of determinism vs. free will is thought-provoking."
True Detective (Season 1),"An atmospheric southern gothic with career-best performances from Matthew McConaughey and Woody Harrelson. The direction, cinematography, and writing create an unsettling examination of masculinity and moral corruption."
